<?xml version="1.0" encoding="UTF-8"?>
<GenRun Id="synth_1" LaunchPart="xc7vx485tffg1157-1" LaunchTime="1739515927">
  <File Type="PA-TCL" Name="BISR_Controller.tcl"/>
  <File Type="REPORTS-TCL" Name="BISR_Controller_reports.tcl"/>
  <File Type="RDS-RDS" Name="BISR_Controller.vds"/>
  <File Type="RDS-UTIL" Name="BISR_Controller_utilization_synth.rpt"/>
  <File Type="RDS-UTIL-PB" Name="BISR_Controller_utilization_synth.pb"/>
  <File Type="RDS-DCP" Name="BISR_Controller.dcp"/>
  <FileSet Name="sources" Type="DesignSrcs" RelSrcDir="$PSRCDIR/sources_1">
    <Filter Type="Srcs"/>
    <File Path="$PSRCDIR/sources_1/new/MISR_for_array_multiplier.v">
      <FileInfo>
        <Attr Name="ImportPath" Val="$PPRDIR/../../project_18/project_18.srcs/sources_1/new/MISR_for_array_multiplier.v"/>
        <Attr Name="ImportTime" Val="1739359920"/>
        <Attr Name="UsedIn" Val="synthesis"/>
        <Attr Name="UsedIn" Val="implementation"/>
        <Attr Name="UsedIn" Val="simulation"/>
      </FileInfo>
    </File>
    <File Path="$PSRCDIR/sources_1/new/lfsr_array_mul.v">
      <FileInfo>
        <Attr Name="ImportPath" Val="$PPRDIR/../../project_18/project_18.srcs/sources_1/new/lfsr_array_mul.v"/>
        <Attr Name="ImportTime" Val="1739301273"/>
        <Attr Name="UsedIn" Val="synthesis"/>
        <Attr Name="UsedIn" Val="implementation"/>
        <Attr Name="UsedIn" Val="simulation"/>
      </FileInfo>
    </File>
    <File Path="$PSRCDIR/sources_1/new/mux_switching_second_adder.v">
      <FileInfo>
        <Attr Name="ImportPath" Val="$PPRDIR/../../project_18/project_18.srcs/sources_1/new/mux_switching_second_adder.v"/>
        <Attr Name="ImportTime" Val="1739353295"/>
        <Attr Name="UsedIn" Val="synthesis"/>
        <Attr Name="UsedIn" Val="implementation"/>
        <Attr Name="UsedIn" Val="simulation"/>
      </FileInfo>
    </File>
    <File Path="$PSRCDIR/sources_1/new/CUT_Array_Multiplier.v">
      <FileInfo SFType="SVerilog">
        <Attr Name="ImportPath" Val="$PPRDIR/../../project_18/project_18.srcs/sources_1/new/CUT_Array_Multiplier.v"/>
        <Attr Name="ImportTime" Val="1739360943"/>
        <Attr Name="UsedIn" Val="synthesis"/>
        <Attr Name="UsedIn" Val="implementation"/>
        <Attr Name="UsedIn" Val="simulation"/>
      </FileInfo>
    </File>
    <File Path="$PSRCDIR/sources_1/new/BISR_Controller_Array_Multiplier.v">
      <FileInfo SFType="SVerilog">
        <Attr Name="ImportPath" Val="$PPRDIR/../../project_18/project_18.srcs/sources_1/new/BISR_Controller_Array_Multiplier.v"/>
        <Attr Name="ImportTime" Val="1739360032"/>
        <Attr Name="UsedIn" Val="synthesis"/>
        <Attr Name="UsedIn" Val="implementation"/>
        <Attr Name="UsedIn" Val="simulation"/>
      </FileInfo>
    </File>
    <Config>
      <Option Name="DesignMode" Val="RTL"/>
      <Option Name="TopModule" Val="BISR_Controller"/>
      <Option Name="TopAutoSet" Val="TRUE"/>
    </Config>
  </FileSet>
  <FileSet Name="constrs_in" Type="Constrs" RelSrcDir="$PSRCDIR/constrs_1">
    <Filter Type="Constrs"/>
    <Config>
      <Option Name="ConstrsType" Val="XDC"/>
    </Config>
  </FileSet>
  <Strategy Version="1" Minor="2">
    <StratHandle Name="Vivado Synthesis Defaults" Flow="Vivado Synthesis 2018"/>
    <Step Id="synth_design"/>
  </Strategy>
</GenRun>
